ID,First Name,Last Name,Money Available,Concerts Purchased,TicketMiner Membership,Username,Password
1,Mickey,Mouse,2340.86,0,TRUE,mickeymouse,Fun!23
2,Donald,Duck,4850.84,0,FALSE,donaldduck,Fun!23
3,Minnie,Mouse,1365.7,0,TRUE,minniemouse,Fun!23
4,Goofy,Disney,4171.07,0,TRUE,goofydisney,Fun!23
5,Pluto,Disney,5578.81,0,FALSE,plutodisney,Fun!23
6,Chip,Disney,4886.52,0,TRUE,chipdisney,Fun!23
7,Dale,Disney,4881.4,0,FALSE,daledisney,Fun!23
8,Cinderella,Disney,3933.93,0,TRUE,cinderelladisney,Fun!23
9,Ariel,Disney,3026.28,0,TRUE,arieldisney,Fun!23
10,Jasmine,Disney,2348.55,0,TRUE,jasminedisney,Fun!23
11,Aladdin,Disney,5185.43,0,TRUE,aladdindisney,Fun!23
12,Simba,Disney,5095.66,0,FALSE,simbadisney,Fun!23
13,Mufassa,Disney,2487.49,0,FALSE,mufassadisney,Fun!23
14,Aurora,Disney,2909.45,0,TRUE,auroradisney,Fun!23
15,Peter,Pan,3106.39,0,FALSE,peterpan,Fun!23
16,Woody,Disney,5541.84,0,FALSE,woodydisney,Fun!23
17,Buzz,Lightyear,4867.96,0,TRUE,buzzlightyear,Fun!23
18,Jafar,Aladdin,2406.24,0,FALSE,jafaraladdin,Fun!23
19,Ursela,Mermaid,1424.75,0,TRUE,urselamermaid,Fun!23
20,Beast,Disney,2894.24,0,FALSE,beastdisney,Fun!23
21,Belle,Disney,5942.57,0,TRUE,belledisney,Fun!23
22,Cruella,De Vil,1616.79,0,FALSE,cruellade vil,Fun!23
23,Scar,Lion,3633.47,0,FALSE,scarlion,Fun!23
24,Simba,King,3720.37,0,TRUE,simbaking,Fun!23
25,Gaston,Disney,2360.91,0,FALSE,gastondisney,Fun!23
26,Shere,Khan,2030,0,TRUE,sherekhan,Fun!23
27,Captaiin,Hook,5205.45,0,TRUE,captaiinhook,Fun!23
28,Kaa,Disney,1470.67,0,FALSE,kaadisney,Fun!23
29,Evil,Queen,3606.52,0,FALSE,evilqueen,Fun!23
30,Pinocchio,Disney,918.29,0,FALSE,pinocchiodisney,Fun!23
31,Prince,Eric,3946.76,0,TRUE,princeeric,Fun!23
32,Quasimodo,Disney,2663.47,0,FALSE,quasimododisney,Fun!23
33,Hercules,Disney,1405.23,0,TRUE,herculesdisney,Fun!23
34,Mulan,Disney,5554.95,0,FALSE,mulandisney,Fun!23
35,Lilo,Disney,3670.28,0,FALSE,lilodisney,Fun!23
36,Stitch,Disney,2298.73,0,TRUE,stitchdisney,Fun!23
37,Daniel,Mejia,2011.02,0,FALSE,danielmejia,Fun!23
38,Alireza,Nouri,5158.27,0,FALSE,alirezanouri,Fun!23
39,Isabella,Gaytan,2205.15,0,TRUE,isabellagaytan,Fun!23
40,Alondra,Gonzalez,2166.56,0,FALSE,alondragonzalez,Fun!23
41,Angel,Aguayo,5372.42,0,TRUE,aguayoangel,Fun!23
42,Cesar,Alvarez,830.4,0,TRUE,alvarezcesar,Fun!23
43,Javier,Aranda,5273.49,0,TRUE,arandajavier,Fun!23
44,Rafael,Ayala,2483.49,0,TRUE,ayalarafael,Fun!23
45,Raul,BaezRamirez,4849.52,0,FALSE,baezramirezraul,Fun!23
46,Alondra,Baquier,1642.05,0,TRUE,baquieralondra,Fun!23
47,Darien,Booth,3048.09,0,TRUE,boothdarien,Fun!23
48,Gabriela,Canizales,3869.68,0,FALSE,canizalesgabriela,Fun!23
49,Steven,Carrillo,4074.78,0,FALSE,carrillosteven,Fun!23
50,Bungein,Cheng,966.33,0,FALSE,chengbungein,Fun!23
51,Valeria,Contreras,2163.59,0,TRUE,contrerasvaleria,Fun!23
52,Cesar,DiazCaraveo,3177.86,0,TRUE,diazcaraveocesar,Fun!23
53,Hector,Diaz,3130.25,0,TRUE,diazhector,Fun!23
54,Marco,GarciaFernandez,5252.75,0,FALSE,garciafernandezmarco,Fun!23
55,Christian,Garcia,5244.23,0,TRUE,garciachristian,Fun!23
56,Isabella,Garcia,2103.76,0,FALSE,garciaisabella,Fun!23
57,Jorge,Garcia,1752.09,0,TRUE,garciajorge,Fun!23
58,Eric,Gardea,1792,0,FALSE,gardeaeric,Fun!23
59,Derek,Gomez,1032.97,0,TRUE,gomezderek,Fun!23
60,Maria,Gonzalez,4368.1,0,TRUE,gonzalezmaria,Fun!23
61,Kevin,Guerra,1737.37,0,FALSE,guerrakevin,Fun!23
62,Ian,Gutierrez,4257.99,0,TRUE,gutierrezian,Fun!23
63,Alan,Holguin,2408.19,0,TRUE,holguinalan,Fun!23
64,Jazmin,Huerta,1039.08,0,FALSE,huertajazmin,Fun!23
65,Michael,Ike,2431.57,0,TRUE,ikemichael,Fun!23
66,Jorge,Jaquez,4593.26,0,FALSE,jaquezjorge,Fun!23
67,Roberto,Johnson,4079.61,0,FALSE,johnsonroberto,Fun!23
68,Kimberly,Kocian,1404.24,0,FALSE,kociankimberly,Fun!23
69,Erik,Laneave,4888.59,0,FALSE,laneaveerik,Fun!23
70,Devin,Lara,1002.06,0,FALSE,laradevin,Fun!23
71,Caleb,Lopez,5973.77,0,TRUE,lopezcaleb,Fun!23
72,Claire,Macdonald,2299.86,0,FALSE,macdonaldclaire,Fun!23
73,Sebastian,Mercado,2457.83,0,FALSE,mercadosebastian,Fun!23
74,Natalia,MestaValenzuela,1867.89,0,TRUE,mestavalenzuelanatalia,Fun!23
75,Christin,Moreno,865.6,0,FALSE,morenochristin,Fun!23
76,Saeefa,Nowmi,4681.9,0,FALSE,nowmisaeefa,Fun!23
77,Christian,Odom,1121.89,0,FALSE,odomchristian,Fun!23
78,Marko,Padilla,5742.1,0,FALSE,padillamarko,Fun!23
79,Raul,Pallares,4260.39,0,TRUE,pallaresraul,Fun!23
80,Diego,Pedraza,1134.68,0,TRUE,pedrazadiego,Fun!23
81,Anaiah,Quinn,3179.88,0,FALSE,quinnanaiah,Fun!23
82,Luis,Quinones,4429.14,0,TRUE,quinonesluis,Fun!23
83,Fernando,Remes,2500.57,0,FALSE,remesfernando,Fun!23
84,Ashley,Rivas,5861.44,0,FALSE,rivasashley,Fun!23
85,Adrian,Rocha,1407.4,0,FALSE,rochaadrian,Fun!23
86,Christian,Rodriguez,2533.41,0,FALSE,rodriguezchristian,Fun!23
87,Sabas,Rojas,4565.65,0,FALSE,rojassabas,Fun!23
88,Edgar,Ruiz,4612.6,0,FALSE,ruizedgar,Fun!23
89,Salvador,Ruiz,2014.15,0,TRUE,ruizsalvador,Fun!23
90,Jorge,Sandoval,4670.88,0,FALSE,sandovaljorge,Fun!23
91,Fernando,Sepulveda,5125.57,0,FALSE,sepulvedafernando,Fun!23
92,William,Staker,3953,0,FALSE,stakerwilliam,Fun!23
93,Angel,UrbinaAraiza,3619.53,0,FALSE,urbinaaraizaangel,Fun!23
94,Martin,Vallecillo,5575.62,0,TRUE,vallecillomartin,Fun!23
95,Javier,Vazquez,4682.13,0,FALSE,vazquezjavier,Fun!23
96,Walter,Wawra,1701.51,0,FALSE,wawrawalter,Fun!23
97,Zachary,Wittmann,1424.93,0,TRUE,wittmannzachary,Fun!23
98,Maria,Zuany,3110.3,0,FALSE,zuanymaria,Fun!23
